UUID,Number_trainning,Name
966db4a2-daa2-4aaf-ab2f-95783adc599c,863,Andrea Kimi Antonelli
5d86760d-5842-4ca1-214d-08d9161fe7c5,847,George Russell
d5a0947b-fb07-472f-200c-08d9161fe7c5,1,Lewis Hamilton
475001fd-71ed-4f7e-2077-08d9161fe7c5,844,Charles Leclerc
85ff2ae2-e87d-476d-ae15-a6715dd826f2,857,Oscar Piastri
ddd64b72-af61-4995-20e8-08d9161fe7c5,846,Lando Norris
f9f291a5-c9de-432d-1fe1-08d9161fe7c5,842,Pierre Gasly
6b0537a9-c218-4077-21d1-08d9161fe7c5,830,Max Verstappen
36dccc49-4405-48b8-954f-a2e2d24d45b3,865,Isack Hadjar
7c13305f-e644-4cf9-bfd2-fdeb1c8a9e98,860,Oliver Bearman
4b1e9f86-8c8a-4887-2031-08d9161fe7c5,807,Nico Hülkenberg
000fd83e-709a-4719-bf50-87e1f08cbb20,861,Franco Colapinto
dd4c7365-725c-4263-20ec-08d9161fe7c5,839,Esteban Ocon
63e3ece6-0d7b-420e-bbb7-e3cde9a300a7,859,Liam Lawson
52d6835d-a5dc-4a40-9aa0-8f7ca62c1cb2,866,Arvid Lindblad
37061ea2-a468-472b-927f-ce3ffd436d42,864,Gabriel Bortoleto
8a99b5a0-8e1a-4bbc-2155-08d9161fe7c5,832,Carlos Sainz
c0d3f714-9862-48da-1ebd-08d9161fe7c5,848,Alexander Albon
e78d2503-7af4-4f96-1ec3-08d9161fe7c5,4,Fernando Alonso
2d4f11cf-a778-4763-1f13-08d9161fe7c5,822,Valtteri Bottas
9426b65f-de5d-4e18-2196-08d9161fe7c5,840,Lance Stroll
a4f04849-f9a9-448c-2102-08d9161fe7c5,815,Sergio Pérez
